Segment,Country,Product,Discount Band,Units Sold,Manufacturing Price,Sale Price,Gross Sales,Discounts, Sales,Profit,Month,Sales Range,,,,,,,,,
Government,Canada,Carretera,None,1618.5,3,20,32370,0,32370,16185,January,High Sales,,,,,,,,,
Government,Germany,Carretera,None,1321,3,20,26420,0,26420,13210,January,High Sales,,,,,,,,,
Midmarket,France,Carretera,None,2178,3,15,32670,0,32670,10890,June,High Sales,,,,,,,,,
Midmarket,Germany,Carretera,None,888,3,15,13320,0,13320,4440,June,High Sales,,,,,,,,,
Midmarket,Mexico,Carretera,None,2470,3,15,37050,0,37050,12350,June,High Sales,,,,,,,,,
Government,Germany,Carretera,None,1513,3,350,529550,0,529550,136170,December,High Sales,,,,,,,,,
Midmarket,Germany,Montana,None,921,5,15,13815,0,13815,4605,March,High Sales,,,,,,,,,
Channel Partners,Canada,Montana,None,2518,5,12,30216,0,30216,22662,June,High Sales,,,,,,,,,
Government,France,Montana,None,1899,5,20,37980,0,37980,18990,June,High Sales,,,,,,,,,
Channel Partners,Germany,Montana,None,1545,5,12,18540,0,18540,13905,June,High Sales,,,,,,,,,
Midmarket,Mexico,Montana,None,2470,5,15,37050,0,37050,12350,June,High Sales,,,,,,,,,
Enterprise,Canada,Montana,None,2665.5,5,125,333187.5,0,333187.5,13327.5,July,High Sales,,,,,,,,,
Small Business,Mexico,Montana,None,958,5,300,287400,0,287400,47900,August,High Sales,,,,,,,,,
Government,Germany,Montana,None,2146,5,7,15022,0,15022,4292,September,High Sales,,,,,,,,,
Enterprise,Canada,Montana,None,345,5,125,43125,0,43125,1725,October,High Sales,,,,,,,,,
Midmarket,United States of America,Montana,None,615,5,15,9225,0,9225,3075,December,High Sales,,,,,,,,,
Government,Canada,Paseo,None,292,10,20,5840,0,5840,2920,February,High Sales,,,,,,,,,
Midmarket,Mexico,Paseo,None,974,10,15,14610,0,14610,4870,February,High Sales,,,,,,,,,
Channel Partners,Canada,Paseo,None,2518,10,12,30216,0,30216,22662,June,High Sales,,,,,,,,,
Government,Germany,Paseo,None,1006,10,350,352100,0,352100,90540,June,High Sales,,,,,,,,,
Channel Partners,Germany,Paseo,None,367,10,12,4404,0,4404,3303,July,High Sales,,,,,,,,,
Government,Mexico,Paseo,None,883,10,7,6181,0,6181,1766,August,High Sales,,,,,,,,,
Midmarket,France,Paseo,None,549,10,15,8235,0,8235,2745,September,High Sales,,,,,,,,,
Small Business,Mexico,Paseo,None,788,10,300,236400,0,236400,39400,September,High Sales,,,,,,,,,
Midmarket,Mexico,Paseo,None,2472,10,15,37080,0,37080,12360,September,High Sales,,,,,,,,,
Government,United States of America,Paseo,None,1143,10,7,8001,0,8001,2286,October,High Sales,,,,,,,,,
Government,Canada,Paseo,None,1725,10,350,603750,0,603750,155250,November,High Sales,,,,,,,,,
Channel Partners,United States of America,Paseo,None,912,10,12,10944,0,10944,8208,November,High Sales,,,,,,,,,
Midmarket,Canada,Paseo,None,2152,10,15,32280,0,32280,10760,December,High Sales,,,,,,,,,
Government,Canada,Paseo,None,1817,10,20,36340,0,36340,18170,December,High Sales,,,,,,,,,
Government,Germany,Paseo,None,1513,10,350,529550,0,529550,136170,December,High Sales,,,,,,,,,
Government,Mexico,Velo,None,1493,120,7,10451,0,10451,2986,January,High Sales,,,,,,,,,
Enterprise,France,Velo,None,1804,120,125,225500,0,225500,9020,February,High Sales,,,,,,,,,
Channel Partners,Germany,Velo,None,2161,120,12,25932,0,25932,19449,March,High Sales,,,,,,,,,
Government,Germany,Velo,None,1006,120,350,352100,0,352100,90540,June,High Sales,,,,,,,,,
Channel Partners,Germany,Velo,None,1545,120,12,18540,0,18540,13905,June,High Sales,,,,,,,,,
Enterprise,United States of America,Velo,None,2821,120,125,352625,0,352625,14105,August,High Sales,,,,,,,,,
Enterprise,Canada,Velo,None,345,120,125,43125,0,43125,1725,October,High Sales,,,,,,,,,
Small Business,Canada,VTT,None,2001,250,300,600300,0,600300,100050,February,High Sales,,,,,,,,,
Channel Partners,Germany,VTT,None,2838,250,12,34056,0,34056,25542,April,High Sales,,,,,,,,,
Midmarket,France,VTT,None,2178,250,15,32670,0,32670,10890,June,High Sales,,,,,,,,,
Midmarket,Germany,VTT,None,888,250,15,13320,0,13320,4440,June,High Sales,,,,,,,,,
Government,France,VTT,None,1527,250,350,534450,0,534450,137430,September,High Sales,,,,,,,,,
Small Business,France,VTT,None,2151,250,300,645300,0,645300,107550,September,High Sales,,,,,,,,,
Government,Canada,VTT,None,1817,250,20,36340,0,36340,18170,December,High Sales,,,,,,,,,
Government,France,Amarilla,None,2750,260,350,962500,0,962500,247500,February,High Sales,,,,,,,,,
Channel Partners,United States of America,Amarilla,None,1953,260,12,23436,0,23436,17577,April,High Sales,,,,,,,,,
Enterprise,Germany,Amarilla,None,4219.5,260,125,527437.5,0,527437.5,21097.5,April,High Sales,,,,,,,,,
Government,France,Amarilla,None,1899,260,20,37980,0,37980,18990,June,High Sales,,,,,,,,,
Government,Germany,Amarilla,None,1686,260,7,11802,0,11802,3372,July,High Sales,,,,,,,,,
Channel Partners,United States of America,Amarilla,None,2141,260,12,25692,0,25692,19269,August,High Sales,,,,,,,,,
Government,United States of America,Amarilla,None,1143,260,7,8001,0,8001,2286,October,High Sales,,,,,,,,,
Midmarket,United States of America,Amarilla,None,615,260,15,9225,0,9225,3075,December,High Sales,,,,,,,,,
Government,France,Paseo,Low,3945,10,7,27615,276.15,27338.85,7613.85,January,High Sales,,,,,,,,,
Midmarket,France,Paseo,Low,2296,10,15,34440,344.4,34095.6,11135.6,February,High Sales,,,,,,,,,
Government,France,Paseo,Low,1030,10,7,7210,72.1,7137.9,1987.9,May,High Sales,,,,,,,,,
Government,France,Velo,Low,639,120,7,4473,44.73,4428.27,1233.27,November,High Sales,,,,,,,,,
Government,Canada,VTT,Low,1326,250,7,9282,92.82,9189.18,2559.18,March,High Sales,,,,,,,,,
Channel Partners,United States of America,Carretera,Low,1858,3,12,22296,222.96,22073.04,16499.04,February,High Sales,,,,,,,,,
Government,Mexico,Carretera,Low,1210,3,350,423500,4235,419265,104665,March,High Sales,,,,,,,,,
Government,United States of America,Carretera,Low,2529,3,7,17703,177.03,17525.97,4880.97,July,High Sales,,,,,,,,,
Channel Partners,Canada,Carretera,Low,1445,3,12,17340,173.4,17166.6,12831.6,September,High Sales,,,,,,,,,
Enterprise,United States of America,Carretera,Low,330,3,125,41250,412.5,40837.5,1237.5,September,High Sales,,,,,,,,,
Channel Partners,France,Carretera,Low,2671,3,12,32052,320.52,31731.48,23718.48,September,High Sales,,,,,,,,,
Channel Partners,Germany,Carretera,Low,766,3,12,9192,91.92,9100.08,6802.08,October,High Sales,,,,,,,,,
Small Business,Mexico,Carretera,Low,494,3,300,148200,1482,146718,23218,October,High Sales,,,,,,,,,
Government,Mexico,Carretera,Low,1397,3,350,488950,4889.5,484060.5,120840.5,October,High Sales,,,,,,,,,
Government,France,Carretera,Low,2155,3,350,754250,7542.5,746707.5,186407.5,December,High Sales,,,,,,,,,
Midmarket,Mexico,Montana,Low,2214,5,15,33210,332.1,32877.9,10737.9,March,High Sales,,,,,,,,,
Small Business,United States of America,Montana,Low,2301,5,300,690300,6903,683397,108147,April,High Sales,,,,,,,,,
Government,France,Montana,Low,1375.5,5,20,27510,275.1,27234.9,13479.9,July,High Sales,,,,,,,,,
Government,Canada,Montana,Low,1830,5,7,12810,128.1,12681.9,3531.9,August,High Sales,,,,,,,,,
Small Business,United States of America,Montana,Low,2498,5,300,749400,7494,741906,117406,September,High Sales,,,,,,,,,
Enterprise,United States of America,Montana,Low,663,5,125,82875,828.75,82046.25,2486.25,October,High Sales,,,,,,,,,
Midmarket,United States of America,Paseo,Low,1514,10,15,22710,227.1,22482.9,7342.9,February,High Sales,,,,,,,,,
Government,United States of America,Paseo,Low,4492.5,10,7,31447.5,314.475,31133.025,8670.525,April,High Sales,,,,,,,,,
Enterprise,United States of America,Paseo,Low,727,10,125,90875,908.75,89966.25,2726.25,June,High Sales,,,,,,,,,
Enterprise,France,Paseo,Low,787,10,125,98375,983.75,97391.25,2951.25,June,High Sales,,,,,,,,,
Enterprise,Mexico,Paseo,Low,1823,10,125,227875,2278.75,225596.25,6836.25,July,High Sales,,,,,,,,,
Midmarket,Germany,Paseo,Low,747,10,15,11205,112.05,11092.95,3622.95,September,High Sales,,,,,,,,,
Channel Partners,Germany,Paseo,Low,766,10,12,9192,91.92,9100.08,6802.08,October,High Sales,,,,,,,,,
Small Business,United States of America,Paseo,Low,2905,10,300,871500,8715,862785,136535,November,High Sales,,,,,,,,,
Government,France,Paseo,Low,2155,10,350,754250,7542.5,746707.5,186407.5,December,High Sales,,,,,,,,,
Government,France,Velo,Low,3864,120,20,77280,772.8,76507.2,37867.2,April,High Sales,,,,,,,,,
Government,Mexico,Velo,Low,362,120,7,2534,25.34,2508.66,698.66,May,High Sales,,,,,,,,,
Enterprise,Canada,Velo,Low,923,120,125,115375,1153.75,114221.25,3461.25,August,High Sales,,,,,,,,,
Enterprise,United States of America,Velo,Low,663,120,125,82875,828.75,82046.25,2486.25,October,High Sales,,,,,,,,,
Government,Canada,Velo,Low,2092,120,7,14644,146.44,14497.56,4037.56,November,High Sales,,,,,,,,,
Government,Germany,VTT,Low,263,250,7,1841,18.41,1822.59,507.59,March,High Sales,,,,,,,,,
Government,Canada,VTT,Low,943.5,250,350,330225,3302.25,326922.75,81612.75,April,High Sales,,,,,,,,,
Enterprise,United States of America,VTT,Low,727,250,125,90875,908.75,89966.25,2726.25,June,High Sales,,,,,,,,,
Enterprise,France,VTT,Low,787,250,125,98375,983.75,97391.25,2951.25,June,High Sales,,,,,,,,,
Small Business,Germany,VTT,Low,986,250,300,295800,2958,292842,46342,September,High Sales,,,,,,,,,
Small Business,Mexico,VTT,Low,494,250,300,148200,1482,146718,23218,October,High Sales,,,,,,,,,
Government,Mexico,VTT,Low,1397,250,350,488950,4889.5,484060.5,120840.5,October,High Sales,,,,,,,,,
Enterprise,France,VTT,Low,1744,250,125,218000,2180,215820,6540,November,High Sales,,,,,,,,,
Channel Partners,United States of America,Amarilla,Low,1989,260,12,23868,238.68,23629.32,17662.32,September,High Sales,,,,,,,,,
Midmarket,France,Amarilla,Low,321,260,15,4815,48.15,4766.85,1556.85,November,High Sales,,,,,,,,,
Enterprise,Canada,Carretera,Low,742.5,3,125,92812.5,1856.25,90956.25,1856.25,April,High Sales,,,,,,,,,
Channel Partners,Canada,Carretera,Low,1295,3,12,15540,310.8,15229.2,11344.2,October,High Sales,,,,,,,,,
Small Business,Germany,Carretera,Low,214,3,300,64200,1284,62916,9416,October,High Sales,,,,,,,,,
Government,France,Carretera,Low,2145,3,7,15015,300.3,14714.7,3989.7,November,High Sales,,,,,,,,,
Government,Canada,Carretera,Low,2852,3,350,998200,19964,978236,236716,December,High Sales,,,,,,,,,
Channel Partners,United States of America,Montana,Low,1142,5,12,13704,274.08,13429.92,10003.92,June,High Sales,,,,,,,,,
Government,United States of America,Montana,Low,1566,5,20,31320,626.4,30693.6,15033.6,October,High Sales,,,,,,,,,
Channel Partners,Mexico,Montana,Low,690,5,12,8280,165.6,8114.4,6044.4,November,High Sales,,,,,,,,,
Enterprise,Mexico,Montana,Low,1660,5,125,207500,4150,203350,4150,November,High Sales,,,,,,,,,
Midmarket,Canada,Paseo,Low,2363,10,15,35445,708.9,34736.1,11106.1,February,High Sales,,,,,,,,,
Small Business,France,Paseo,Low,918,10,300,275400,5508,269892,40392,May,High Sales,,,,,,,,,
Small Business,Germany,Paseo,Low,1728,10,300,518400,10368,508032,76032,May,High Sales,,,,,,,,,
Channel Partners,United States of America,Paseo,Low,1142,10,12,13704,274.08,13429.92,10003.92,June,High Sales,,,,,,,,,
Enterprise,Mexico,Paseo,Low,662,10,125,82750,1655,81095,1655,June,High Sales,,,,,,,,,
Channel Partners,Canada,Paseo,Low,1295,10,12,15540,310.8,15229.2,11344.2,October,High Sales,,,,,,,,,
Enterprise,Germany,Paseo,Low,809,10,125,101125,2022.5,99102.5,2022.5,October,High Sales,,,,,,,,,
Enterprise,Mexico,Paseo,Low,2145,10,125,268125,5362.5,262762.5,5362.5,October,High Sales,,,,,,,,,
Channel Partners,France,Paseo,Low,1785,10,12,21420,428.4,20991.6,15636.6,November,High Sales,,,,,,,,,
Small Business,Canada,Paseo,Low,1916,10,300,574800,11496,563304,84304,December,High Sales,,,,,,,,,
Government,Canada,Paseo,Low,2852,10,350,998200,19964,978236,236716,December,High Sales,,,,,,,,,
Enterprise,Canada,Paseo,Low,2729,10,125,341125,6822.5,334302.5,6822.5,December,High Sales,,,,,,,,,
Midmarket,United States of America,Paseo,Low,1925,10,15,28875,577.5,28297.5,9047.5,December,High Sales,,,,,,,,,
Government,United States of America,Paseo,Low,2013,10,7,14091,281.82,13809.18,3744.18,December,High Sales,,,,,,,,,
Channel Partners,France,Paseo,Low,1055,10,12,12660,253.2,12406.8,9241.8,December,High Sales,,,,,,,,,
Channel Partners,Mexico,Paseo,Low,1084,10,12,13008,260.16,12747.84,9495.84,December,High Sales,,,,,,,,,
Government,United States of America,Velo,Low,1566,120,20,31320,626.4,30693.6,15033.6,October,High Sales,,,,,,,,,
Government,Germany,Velo,Low,2966,120,350,1038100,20762,1017338,246178,October,High Sales,,,,,,,,,
Government,Germany,Velo,Low,2877,120,350,1006950,20139,986811,238791,October,High Sales,,,,,,,,,
Enterprise,Germany,Velo,Low,809,120,125,101125,2022.5,99102.5,2022.5,October,High Sales,,,,,,,,,
Enterprise,Mexico,Velo,Low,2145,120,125,268125,5362.5,262762.5,5362.5,October,High Sales,,,,,,,,,
Channel Partners,France,Velo,Low,1055,120,12,12660,253.2,12406.8,9241.8,December,High Sales,,,,,,,,,
Government,Mexico,Velo,Low,544,120,20,10880,217.6,10662.4,5222.4,December,High Sales,,,,,,,,,
Channel Partners,Mexico,Velo,Low,1084,120,12,13008,260.16,12747.84,9495.84,December,High Sales,,,,,,,,,
Enterprise,Mexico,VTT,Low,662,250,125,82750,1655,81095,1655,June,High Sales,,,,,,,,,
Small Business,Germany,VTT,Low,214,250,300,64200,1284,62916,9416,October,High Sales,,,,,,,,,
Government,Germany,VTT,Low,2877,250,350,1006950,20139,986811,238791,October,High Sales,,,,,,,,,
Enterprise,Canada,VTT,Low,2729,250,125,341125,6822.5,334302.5,6822.5,December,High Sales,,,,,,,,,
Government,United States of America,VTT,Low,266,250,350,93100,1862,91238,22078,December,High Sales,,,,,,,,,
Government,Mexico,VTT,Low,1940,250,350,679000,13580,665420,161020,December,High Sales,,,,,,,,,
Small Business,Germany,Amarilla,Low,259,260,300,77700,1554,76146,11396,March,High Sales,,,,,,,,,
Small Business,Mexico,Amarilla,Low,1101,260,300,330300,6606,323694,48444,March,High Sales,,,,,,,,,
Enterprise,Germany,Amarilla,Low,2276,260,125,284500,5690,278810,5690,May,High Sales,,,,,,,,,
Government,Germany,Amarilla,Low,2966,260,350,1038100,20762,1017338,246178,October,High Sales,,,,,,,,,
Government,United States of America,Amarilla,Low,1236,260,20,24720,494.4,24225.6,11865.6,November,High Sales,,,,,,,,,
Government,France,Amarilla,Low,941,260,20,18820,376.4,18443.6,9033.6,November,High Sales,,,,,,,,,
Small Business,Canada,Amarilla,Low,1916,260,300,574800,11496,563304,84304,December,High Sales,,,,,,,,,
Enterprise,France,Carretera,Low,4243.5,3,125,530437.5,15913.125,514524.375,5304.375,April,High Sales,,,,,,,,,
Government,Germany,Carretera,Low,2580,3,20,51600,1548,50052,24252,April,High Sales,,,,,,,,,
Small Business,Germany,Carretera,Low,689,3,300,206700,6201,200499,28249,June,High Sales,,,,,,,,,
Channel Partners,United States of America,Carretera,Low,1947,3,12,23364,700.92,22663.08,16822.08,September,High Sales,,,,,,,,,
Channel Partners,Canada,Carretera,Low,908,3,12,10896,326.88,10569.12,7845.12,December,High Sales,,,,,,,,,
Government,Germany,Montana,Low,1958,5,7,13706,411.18,13294.82,3504.82,February,High Sales,,,,,,,,,
Channel Partners,France,Montana,Low,1901,5,12,22812,684.36,22127.64,16424.64,June,High Sales,,,,,,,,,
Government,France,Montana,Low,544,5,7,3808,114.24,3693.76,973.76,September,High Sales,,,,,,,,,
Government,Germany,Montana,Low,1797,5,350,628950,18868.5,610081.5,142861.5,September,High Sales,,,,,,,,,
Enterprise,France,Montana,Low,1287,5,125,160875,4826.25,156048.75,1608.75,December,High Sales,,,,,,,,,
Enterprise,Germany,Montana,Low,1706,5,125,213250,6397.5,206852.5,2132.5,December,High Sales,,,,,,,,,
Small Business,France,Paseo,Low,2434.5,10,300,730350,21910.5,708439.5,99814.5,January,High Sales,,,,,,,,,
Enterprise,Canada,Paseo,Low,1774,10,125,221750,6652.5,215097.5,2217.5,March,High Sales,,,,,,,,,
Channel Partners,France,Paseo,Low,1901,10,12,22812,684.36,22127.64,16424.64,June,High Sales,,,,,,,,,
Small Business,Germany,Paseo,Low,689,10,300,206700,6201,200499,28249,June,High Sales,,,,,,,,,
Enterprise,Germany,Paseo,Low,1570,10,125,196250,5887.5,190362.5,1962.5,June,High Sales,,,,,,,,,
Channel Partners,United States of America,Paseo,Low,1369.5,10,12,16434,493.02,15940.98,11832.48,July,High Sales,,,,,,,,,
Enterprise,Canada,Paseo,Low,2009,10,125,251125,7533.75,243591.25,2511.25,October,High Sales,,,,,,,,,
Midmarket,Germany,Paseo,Low,1945,10,15,29175,875.25,28299.75,8849.75,October,High Sales,,,,,,,,,
Enterprise,France,Paseo,Low,1287,10,125,160875,4826.25,156048.75,1608.75,December,High Sales,,,,,,,,,
Enterprise,Germany,Paseo,Low,1706,10,125,213250,6397.5,206852.5,2132.5,December,High Sales,,,,,,,,,
Enterprise,Canada,Velo,Low,2009,120,125,251125,7533.75,243591.25,2511.25,October,High Sales,,,,,,,,,
Small Business,United States of America,VTT,Low,2844,250,300,853200,25596,827604,116604,February,High Sales,,,,,,,,,
Channel Partners,Mexico,VTT,Low,1916,250,12,22992,689.76,22302.24,16554.24,April,High Sales,,,,,,,,,
Enterprise,Germany,VTT,Low,1570,250,125,196250,5887.5,190362.5,1962.5,June,High Sales,,,,,,,,,
Small Business,Canada,VTT,Low,1874,250,300,562200,16866,545334,76834,August,High Sales,,,,,,,,,
Government,Mexico,VTT,Low,1642,250,350,574700,17241,557459,130539,August,High Sales,,,,,,,,,
Midmarket,Germany,VTT,Low,1945,250,15,29175,875.25,28299.75,8849.75,October,High Sales,,,,,,,,,
Government,Canada,Carretera,Low,831,3,20,16620,498.6,16121.4,7811.4,May,High Sales,,,,,,,,,
Government,Mexico,Paseo,Low,1760,10,7,12320,369.6,11950.4,3150.4,September,High Sales,,,,,,,,,
Government,Canada,Velo,Low,3850.5,120,20,77010,2310.3,74699.7,36194.7,April,High Sales,,,,,,,,,
Channel Partners,Germany,VTT,Low,2479,250,12,29748,892.44,28855.56,21418.56,January,High Sales,,,,,,,,,
Midmarket,Mexico,Montana,Low,2031,5,15,30465,1218.6,29246.4,8936.4,October,High Sales,,,,,,,,,
Midmarket,Mexico,Paseo,Low,2031,10,15,30465,1218.6,29246.4,8936.4,October,High Sales,,,,,,,,,
Midmarket,France,Paseo,Low,2261,10,15,33915,1356.6,32558.4,9948.4,December,High Sales,,,,,,,,,
Government,United States of America,Velo,Low,736,120,20,14720,588.8,14131.2,6771.2,September,High Sales,,,,,,,,,
Government,Canada,Carretera,Low,2851,3,7,19957,798.28,19158.72,4903.72,October,High Sales,,,,,,,,,
Small Business,Germany,Carretera,Low,2021,3,300,606300,24252,582048,76798,October,High Sales,,,,,,,,,
Government,United States of America,Carretera,Low,274,3,350,95900,3836,92064,20824,December,High Sales,,,,,,,,,
Midmarket,Canada,Montana,Low,1967,5,15,29505,1180.2,28324.8,8654.8,March,High Sales,,,,,,,,,
Small Business,Germany,Montana,Low,1859,5,300,557700,22308,535392,70642,August,High Sales,,,,,,,,,
Government,Canada,Montana,Low,2851,5,7,19957,798.28,19158.72,4903.72,October,High Sales,,,,,,,,,
Small Business,Germany,Montana,Low,2021,5,300,606300,24252,582048,76798,October,High Sales,,,,,,,,,
Enterprise,Mexico,Montana,Low,1138,5,125,142250,5690,136560,0,December,High Sales,,,,,,,,,
Government,Canada,Paseo,Low,4251,10,7,29757,1190.28,28566.72,7311.72,January,High Sales,,,,,,,,,
Enterprise,Germany,Paseo,Low,795,10,125,99375,3975,95400,0,March,High Sales,,,,,,,,,
Small Business,Germany,Paseo,Low,1414.5,10,300,424350,16974,407376,53751,April,High Sales,,,,,,,,,
Small Business,United States of America,Paseo,Low,2918,10,300,875400,35016,840384,110884,May,High Sales,,,,,,,,,
Government,United States of America,Paseo,Low,3450,10,350,1207500,48300,1159200,262200,July,High Sales,,,,,,,,,
Enterprise,France,Paseo,Low,2988,10,125,373500,14940,358560,0,July,High Sales,,,,,,,,,
Midmarket,Canada,Paseo,Low,218,10,15,3270,130.8,3139.2,959.2,September,High Sales,,,,,,,,,
Government,Canada,Paseo,Low,2074,10,20,41480,1659.2,39820.8,19080.8,September,High Sales,,,,,,,,,
Government,United States of America,Paseo,Low,1056,10,20,21120,844.8,20275.2,9715.2,September,High Sales,,,,,,,,,
Midmarket,United States of America,Paseo,Low,671,10,15,10065,402.6,9662.4,2952.4,October,High Sales,,,,,,,,,
Midmarket,Mexico,Paseo,Low,1514,10,15,22710,908.4,21801.6,6661.6,October,High Sales,,,,,,,,,
Government,United States of America,Paseo,Low,274,10,350,95900,3836,92064,20824,December,High Sales,,,,,,,,,
Enterprise,Mexico,Paseo,Low,1138,10,125,142250,5690,136560,0,December,High Sales,,,,,,,,,
Channel Partners,United States of America,Velo,Low,1465,120,12,17580,703.2,16876.8,12481.8,March,High Sales,,,,,,,,,
Government,Canada,Velo,Low,2646,120,20,52920,2116.8,50803.2,24343.2,September,High Sales,,,,,,,,,
Government,France,Velo,Low,2177,120,350,761950,30478,731472,165452,October,High Sales,,,,,,,,,
Channel Partners,France,VTT,Low,866,250,12,10392,415.68,9976.32,7378.32,May,High Sales,,,,,,,,,
Government,United States of America,VTT,Low,349,250,350,122150,4886,117264,26524,September,High Sales,,,,,,,,,
Government,France,VTT,Low,2177,250,350,761950,30478,731472,165452,October,High Sales,,,,,,,,,
Midmarket,Mexico,VTT,Low,1514,250,15,22710,908.4,21801.6,6661.6,October,High Sales,,,,,,,,,
Government,Mexico,Amarilla,Low,1865,260,350,652750,26110,626640,141740,February,High Sales,,,,,,,,,
Enterprise,Mexico,Amarilla,Low,1074,260,125,134250,5370,128880,0,April,High Sales,,,,,,,,,
Government,Germany,Amarilla,Low,1907,260,350,667450,26698,640752,144932,September,High Sales,,,,,,,,,
Midmarket,United States of America,Amarilla,Low,671,260,15,10065,402.6,9662.4,2952.4,October,High Sales,,,,,,,,,
Government,Canada,Amarilla,Low,1778,260,350,622300,24892,597408,135128,December,High Sales,,,,,,,,,
Government,Germany,Montana,Medium,1159,5,7,8113,405.65,7707.35,1912.35,October,High Sales,,,,,,,,,
Government,Germany,Paseo,Medium,1372,10,7,9604,480.2,9123.8,2263.8,January,High Sales,,,,,,,,,
Government,Canada,Paseo,Medium,2349,10,7,16443,822.15,15620.85,3875.85,September,High Sales,,,,,,,,,
Government,Mexico,Paseo,Medium,2689,10,7,18823,941.15,17881.85,4436.85,October,High Sales,,,,,,,,,
Channel Partners,Canada,Paseo,Medium,2431,10,12,29172,1458.6,27713.4,20420.4,December,High Sales,,,,,,,,,
Channel Partners,Canada,Velo,Medium,2431,120,12,29172,1458.6,27713.4,20420.4,December,High Sales,,,,,,,,,
Government,Mexico,VTT,Medium,2689,250,7,18823,941.15,17881.85,4436.85,October,High Sales,,,,,,,,,
Government,Mexico,Amarilla,Medium,1683,260,7,11781,589.05,11191.95,2776.95,July,High Sales,,,,,,,,,
Channel Partners,Mexico,Amarilla,Medium,1123,260,12,13476,673.8,12802.2,9433.2,August,High Sales,,,,,,,,,
Government,Germany,Amarilla,Medium,1159,260,7,8113,405.65,7707.35,1912.35,October,High Sales,,,,,,,,,
Channel Partners,France,Carretera,Medium,1865,3,12,22380,1119,21261,15666,February,High Sales,,,,,,,,,
Channel Partners,Germany,Carretera,Medium,1116,3,12,13392,669.6,12722.4,9374.4,February,High Sales,,,,,,,,,
Government,France,Carretera,Medium,1563,3,20,31260,1563,29697,14067,May,High Sales,,,,,,,,,
Small Business,United States of America,Carretera,Medium,991,3,300,297300,14865,282435,34685,June,High Sales,,,,,,,,,
Government,Germany,Carretera,Medium,1016,3,7,7112,355.6,6756.4,1676.4,November,High Sales,,,,,,,,,
Midmarket,Mexico,Carretera,Medium,2791,3,15,41865,2093.25,39771.75,11861.75,November,High Sales,,,,,,,,,
Government,United States of America,Carretera,Medium,570,3,7,3990,199.5,3790.5,940.5,December,High Sales,,,,,,,,,
Government,France,Carretera,Medium,2487,3,7,17409,870.45,16538.55,4103.55,December,High Sales,,,,,,,,,
Government,France,Montana,Medium,1384.5,5,350,484575,24228.75,460346.25,100376.25,January,High Sales,,,,,,,,,
Enterprise,United States of America,Montana,Medium,3627,5,125,453375,22668.75,430706.25,-4533.75,July,High Sales,,,,,,,,,
Government,Mexico,Montana,Medium,720,5,350,252000,12600,239400,52200,September,High Sales,,,,,,,,,
Channel Partners,Germany,Montana,Medium,2342,5,12,28104,1405.2,26698.8,19672.8,November,High Sales,,,,,,,,,
Small Business,Mexico,Montana,Medium,1100,5,300,330000,16500,313500,38500,December,High Sales,,,,,,,,,
Government,France,Paseo,Medium,1303,10,20,26060,1303,24757,11727,February,High Sales,,,,,,,,,
Enterprise,United States of America,Paseo,Medium,2992,10,125,374000,18700,355300,-3740,March,High Sales,,,,,,,,,
Enterprise,France,Paseo,Medium,2385,10,125,298125,14906.25,283218.75,-2981.25,March,High Sales,,,,,,,,,
Small Business,Mexico,Paseo,Medium,1607,10,300,482100,24105,457995,56245,April,High Sales,,,,,,,,,
Government,United States of America,Paseo,Medium,2327,10,7,16289,814.45,15474.55,3839.55,May,High Sales,,,,,,,,,
Small Business,United States of America,Paseo,Medium,991,10,300,297300,14865,282435,34685,June,High Sales,,,,,,,,,
Government,United States of America,Paseo,Medium,602,10,350,210700,10535,200165,43645,June,High Sales,,,,,,,,,
Midmarket,France,Paseo,Medium,2620,10,15,39300,1965,37335,11135,September,High Sales,,,,,,,,,
Government,Canada,Paseo,Medium,1228,10,350,429800,21490,408310,89030,October,High Sales,,,,,,,,,
Government,Canada,Paseo,Medium,1389,10,20,27780,1389,26391,12501,October,High Sales,,,,,,,,,
Enterprise,United States of America,Paseo,Medium,861,10,125,107625,5381.25,102243.75,-1076.25,October,High Sales,,,,,,,,,
Enterprise,France,Paseo,Medium,704,10,125,88000,4400,83600,-880,October,High Sales,,,,,,,,,
Government,Canada,Paseo,Medium,1802,10,20,36040,1802,34238,16218,December,High Sales,,,,,,,,,
Government,United States of America,Paseo,Medium,2663,10,20,53260,2663,50597,23967,December,High Sales,,,,,,,,,
Government,France,Paseo,Medium,2136,10,7,14952,747.6,14204.4,3524.4,December,High Sales,,,,,,,,,
Midmarket,Germany,Paseo,Medium,2116,10,15,31740,1587,30153,8993,December,High Sales,,,,,,,,,
Midmarket,United States of America,Velo,Medium,555,120,15,8325,416.25,7908.75,2358.75,January,High Sales,,,,,,,,,
Midmarket,Mexico,Velo,Medium,2861,120,15,42915,2145.75,40769.25,12159.25,January,High Sales,,,,,,,,,
Enterprise,Germany,Velo,Medium,807,120,125,100875,5043.75,95831.25,-1008.75,February,High Sales,,,,,,,,,
Government,United States of America,Velo,Medium,602,120,350,210700,10535,200165,43645,June,High Sales,,,,,,,,,
Government,United States of America,Velo,Medium,2832,120,20,56640,2832,53808,25488,August,High Sales,,,,,,,,,
Government,France,Velo,Medium,1579,120,20,31580,1579,30001,14211,August,High Sales,,,,,,,,,
Enterprise,United States of America,Velo,Medium,861,120,125,107625,5381.25,102243.75,-1076.25,October,High Sales,,,,,,,,,
Enterprise,France,Velo,Medium,704,120,125,88000,4400,83600,-880,October,High Sales,,,,,,,,,
Government,France,Velo,Medium,1033,120,20,20660,1033,19627,9297,December,High Sales,,,,,,,,,
Small Business,Germany,Velo,Medium,1250,120,300,375000,18750,356250,43750,December,High Sales,,,,,,,,,
Government,Canada,VTT,Medium,1389,250,20,27780,1389,26391,12501,October,High Sales,,,,,,,,,
Government,United States of America,VTT,Medium,1265,250,20,25300,1265,24035,11385,November,High Sales,,,,,,,,,
Government,Germany,VTT,Medium,2297,250,20,45940,2297,43643,20673,November,High Sales,,,,,,,,,
Government,United States of America,VTT,Medium,2663,250,20,53260,2663,50597,23967,December,High Sales,,,,,,,,,
Government,United States of America,VTT,Medium,570,250,7,3990,199.5,3790.5,940.5,December,High Sales,,,,,,,,,
Government,France,VTT,Medium,2487,250,7,17409,870.45,16538.55,4103.55,December,High Sales,,,,,,,,,
Government,Germany,Amarilla,Medium,1350,260,350,472500,23625,448875,97875,February,High Sales,,,,,,,,,
Government,Canada,Amarilla,Medium,552,260,350,193200,9660,183540,40020,August,High Sales,,,,,,,,,
Government,Canada,Amarilla,Medium,1228,260,350,429800,21490,408310,89030,October,High Sales,,,,,,,,,
Small Business,Germany,Amarilla,Medium,1250,260,300,375000,18750,356250,43750,December,High Sales,,,,,,,,,
Midmarket,France,Paseo,Medium,3801,10,15,57015,3420.9,53594.1,15584.1,April,High Sales,,,,,,,,,
Government,United States of America,Carretera,Medium,1117.5,3,20,22350,1341,21009,9834,January,High Sales,,,,,,,,,
Midmarket,Canada,Carretera,Medium,2844,3,15,42660,2559.6,40100.4,11660.4,June,High Sales,,,,,,,,,
Channel Partners,Mexico,Carretera,Medium,562,3,12,6744,404.64,6339.36,4653.36,September,High Sales,,,,,,,,,
Channel Partners,Canada,Carretera,Medium,2299,3,12,27588,1655.28,25932.72,19035.72,October,High Sales,,,,,,,,,
Midmarket,United States of America,Carretera,Medium,2030,3,15,30450,1827,28623,8323,November,High Sales,,,,,,,,,
Government,United States of America,Carretera,Medium,263,3,7,1841,110.46,1730.54,415.54,November,High Sales,,,,,,,,,
Enterprise,Germany,Carretera,Medium,887,3,125,110875,6652.5,104222.5,-2217.5,December,High Sales,,,,,,,,,
Government,Mexico,Montana,Medium,980,5,350,343000,20580,322420,67620,April,High Sales,,,,,,,,,
Government,Germany,Montana,Medium,1460,5,350,511000,30660,480340,100740,May,High Sales,,,,,,,,,
Government,France,Montana,Medium,1403,5,7,9821,589.26,9231.74,2216.74,October,High Sales,,,,,,,,,
Channel Partners,United States of America,Montana,Medium,2723,5,12,32676,1960.56,30715.44,22546.44,November,High Sales,,,,,,,,,
Government,France,Paseo,Medium,1496,10,350,523600,31416,492184,103224,June,High Sales,,,,,,,,,
Channel Partners,Canada,Paseo,Medium,2299,10,12,27588,1655.28,25932.72,19035.72,October,High Sales,,,,,,,,,
Government,United States of America,Paseo,Medium,727,10,350,254450,15267,239183,50163,October,High Sales,,,,,,,,,
Enterprise,Canada,Velo,Medium,952,120,125,119000,7140,111860,-2380,February,High Sales,,,,,,,,,
Enterprise,United States of America,Velo,Medium,2755,120,125,344375,20662.5,323712.5,-6887.5,February,High Sales,,,,,,,,,
Midmarket,Germany,Velo,Medium,1530,120,15,22950,1377,21573,6273,May,High Sales,,,,,,,,,
Government,France,Velo,Medium,1496,120,350,523600,31416,492184,103224,June,High Sales,,,,,,,,,
Government,Mexico,Velo,Medium,1498,120,7,10486,629.16,9856.84,2366.84,June,High Sales,,,,,,,,,
Small Business,France,Velo,Medium,1221,120,300,366300,21978,344322,39072,October,High Sales,,,,,,,,,
Government,France,Velo,Medium,2076,120,350,726600,43596,683004,143244,October,High Sales,,,,,,,,,
Midmarket,Canada,VTT,Medium,2844,250,15,42660,2559.6,40100.4,11660.4,June,High Sales,,,,,,,,,
Government,Mexico,VTT,Medium,1498,250,7,10486,629.16,9856.84,2366.84,June,High Sales,,,,,,,,,
Small Business,France,VTT,Medium,1221,250,300,366300,21978,344322,39072,October,High Sales,,,,,,,,,
Government,Mexico,VTT,Medium,1123,250,20,22460,1347.6,21112.4,9882.4,November,High Sales,,,,,,,,,
Small Business,Canada,VTT,Medium,2436,250,300,730800,43848,686952,77952,December,High Sales,,,,,,,,,
Enterprise,France,Amarilla,Medium,1987.5,260,125,248437.5,14906.25,233531.25,-4968.75,January,High Sales,,,,,,,,,
Government,Mexico,Amarilla,Medium,1679,260,350,587650,35259,552391,115851,September,High Sales,,,,,,,,,
Government,United States of America,Amarilla,Medium,727,260,350,254450,15267,239183,50163,October,High Sales,,,,,,,,,
Government,France,Amarilla,Medium,1403,260,7,9821,589.26,9231.74,2216.74,October,High Sales,,,,,,,,,
Government,France,Amarilla,Medium,2076,260,350,726600,43596,683004,143244,October,High Sales,,,,,,,,,
Government,France,Montana,Medium,1757,5,20,35140,2108.4,33031.6,15461.6,October,High Sales,,,,,,,,,
Midmarket,United States of America,Paseo,Medium,2198,10,15,32970,1978.2,30991.8,9011.8,August,High Sales,,,,,,,,,
Midmarket,Germany,Paseo,Medium,1743,10,15,26145,1568.7,24576.3,7146.3,August,High Sales,,,,,,,,,
Midmarket,United States of America,Paseo,Medium,1153,10,15,17295,1037.7,16257.3,4727.3,October,High Sales,,,,,,,,,
Government,France,Paseo,Medium,1757,10,20,35140,2108.4,33031.6,15461.6,October,High Sales,,,,,,,,,
Government,Germany,Velo,Medium,1001,120,20,20020,1201.2,18818.8,8808.8,August,High Sales,,,,,,,,,
Government,Mexico,Velo,Medium,1333,120,7,9331,559.86,8771.14,2106.14,November,High Sales,,,,,,,,,
Midmarket,United States of America,VTT,Medium,1153,250,15,17295,1037.7,16257.3,4727.3,October,High Sales,,,,,,,,,
Channel Partners,Mexico,Carretera,Medium,727,3,12,8724,610.68,8113.32,5932.32,February,High Sales,,,,,,,,,
Channel Partners,Canada,Carretera,Medium,1884,3,12,22608,1582.56,21025.44,15373.44,August,High Sales,,,,,,,,,
Government,Mexico,Carretera,Medium,1834,3,20,36680,2567.6,34112.4,15772.4,September,High Sales,,,,,,,,,
Channel Partners,Mexico,Montana,Medium,2340,5,12,28080,1965.6,26114.4,19094.4,January,High Sales,,,,,,,,,
Channel Partners,France,Montana,Medium,2342,5,12,28104,1967.28,26136.72,19110.72,November,High Sales,,,,,,,,,
Government,France,Paseo,Medium,1031,10,7,7217,505.19,6711.81,1556.81,September,High Sales,,,,,,,,,
Midmarket,Canada,Velo,Medium,1262,120,15,18930,1325.1,17604.9,4984.9,May,High Sales,,,,,,,,,
Government,Canada,Velo,Medium,1135,120,7,7945,556.15,7388.85,1713.85,June,High Sales,,,,,,,,,
Government,United States of America,Velo,Medium,547,120,7,3829,268.03,3560.97,825.97,November,High Sales,,,,,,,,,
Government,Canada,Velo,Medium,1582,120,7,11074,775.18,10298.82,2388.82,December,High Sales,,,,,,,,,
Channel Partners,France,VTT,Medium,1738.5,250,12,20862,1460.34,19401.66,14186.16,April,High Sales,,,,,,,,,
Channel Partners,Germany,VTT,Medium,2215,250,12,26580,1860.6,24719.4,18074.4,September,High Sales,,,,,,,,,
Government,Canada,VTT,Medium,1582,250,7,11074,775.18,10298.82,2388.82,December,High Sales,,,,,,,,,
Government,Canada,Amarilla,Medium,1135,260,7,7945,556.15,7388.85,1713.85,June,High Sales,,,,,,,,,
Government,United States of America,Carretera,Medium,1761,3,350,616350,43144.5,573205.5,115345.5,March,High Sales,,,,,,,,,
Small Business,France,Carretera,Medium,448,3,300,134400,9408,124992,12992,June,High Sales,,,,,,,,,
Small Business,France,Carretera,Medium,2181,3,300,654300,45801,608499,63249,October,High Sales,,,,,,,,,
Government,France,Montana,Medium,1976,5,20,39520,2766.4,36753.6,16993.6,October,High Sales,,,,,,,,,
Small Business,France,Montana,Medium,2181,5,300,654300,45801,608499,63249,October,High Sales,,,,,,,,,
Enterprise,Germany,Montana,Medium,2500,5,125,312500,21875,290625,-9375,November,High Sales,,,,,,,,,
Small Business,Canada,Paseo,Medium,1702,10,300,510600,35742,474858,49358,May,High Sales,,,,,,,,,
Small Business,France,Paseo,Medium,448,10,300,134400,9408,124992,12992,June,High Sales,,,,,,,,,
Enterprise,Germany,Paseo,Medium,3513,10,125,439125,30738.75,408386.25,-13173.75,July,High Sales,,,,,,,,,
Midmarket,France,Paseo,Medium,2101,10,15,31515,2206.05,29308.95,8298.95,August,High Sales,,,,,,,,,
Midmarket,United States of America,Paseo,Medium,2931,10,15,43965,3077.55,40887.45,11577.45,September,High Sales,,,,,,,,,
Government,France,Paseo,Medium,1535,10,20,30700,2149,28551,13201,September,High Sales,,,,,,,,,
Small Business,Germany,Paseo,Medium,1123,10,300,336900,23583,313317,32567,September,High Sales,,,,,,,,,
Small Business,Canada,Paseo,Medium,1404,10,300,421200,29484,391716,40716,November,High Sales,,,,,,,,,
Channel Partners,Mexico,Paseo,Medium,2763,10,12,33156,2320.92,30835.08,22546.08,November,High Sales,,,,,,,,,
Government,Germany,Paseo,Medium,2125,10,7,14875,1041.25,13833.75,3208.75,December,High Sales,,,,,,,,,
Small Business,France,Velo,Medium,1659,120,300,497700,34839,462861,48111,July,High Sales,,,,,,,,,
Government,Mexico,Velo,Medium,609,120,20,12180,852.6,11327.4,5237.4,August,High Sales,,,,,,,,,
Enterprise,Germany,Velo,Medium,2087,120,125,260875,18261.25,242613.75,-7826.25,September,High Sales,,,,,,,,,
Government,France,Velo,Medium,1976,120,20,39520,2766.4,36753.6,16993.6,October,High Sales,,,,,,,,,
Government,United States of America,Velo,Medium,1421,120,20,28420,1989.4,26430.6,12220.6,December,High Sales,,,,,,,,,
Small Business,United States of America,Velo,Medium,1372,120,300,411600,28812,382788,39788,December,High Sales,,,,,,,,,
Government,Germany,Velo,Medium,588,120,20,11760,823.2,10936.8,5056.8,December,High Sales,,,,,,,,,
Channel Partners,Canada,VTT,Medium,3244.5,250,12,38934,2725.38,36208.62,26475.12,January,High Sales,,,,,,,,,
Small Business,France,VTT,Medium,959,250,300,287700,20139,267561,27811,February,High Sales,,,,,,,,,
Small Business,Mexico,VTT,Medium,2747,250,300,824100,57687,766413,79663,February,High Sales,,,,,,,,,
Enterprise,Canada,Amarilla,Medium,1645,260,125,205625,14393.75,191231.25,-6168.75,May,High Sales,,,,,,,,,
Government,France,Amarilla,Medium,2876,260,350,1006600,70462,936138,188378,September,High Sales,,,,,,,,,
Enterprise,Germany,Amarilla,Medium,994,260,125,124250,8697.5,115552.5,-3727.5,September,High Sales,,,,,,,,,
Government,Canada,Amarilla,Medium,1118,260,20,22360,1565.2,20794.8,9614.8,November,High Sales,,,,,,,,,
Small Business,United States of America,Amarilla,Medium,1372,260,300,411600,28812,382788,39788,December,High Sales,,,,,,,,,
Government,Canada,Montana,Medium,488,5,7,3416,273.28,3142.72,702.72,February,High Sales,,,,,,,,,
Government,United States of America,Montana,Medium,1282,5,20,25640,2051.2,23588.8,10768.8,June,High Sales,,,,,,,,,
Government,Canada,Paseo,Medium,257,10,7,1799,143.92,1655.08,370.08,May,High Sales,,,,,,,,,
Government,United States of America,Amarilla,Medium,1282,260,20,25640,2051.2,23588.8,10768.8,June,High Sales,,,,,,,,,
Enterprise,Mexico,Carretera,Medium,1540,3,125,192500,15400,177100,-7700,August,High Sales,,,,,,,,,
Midmarket,France,Carretera,Medium,490,3,15,7350,588,6762,1862,November,High Sales,,,,,,,,,
Government,Mexico,Carretera,Medium,1362,3,350,476700,38136,438564,84444,December,High Sales,,,,,,,,,
Midmarket,France,Montana,Medium,2501,5,15,37515,3001.2,34513.8,9503.8,March,High Sales,,,,,,,,,
Government,Canada,Montana,Medium,708,5,20,14160,1132.8,13027.2,5947.2,June,High Sales,,,,,,,,,
Government,Germany,Montana,Medium,645,5,20,12900,1032,11868,5418,July,High Sales,,,,,,,,,
Small Business,France,Montana,Medium,1562,5,300,468600,37488,431112,40612,August,High Sales,,,,,,,,,
Small Business,Canada,Montana,Medium,1283,5,300,384900,30792,354108,33358,September,High Sales,,,,,,,,,
Midmarket,Germany,Montana,Medium,711,5,15,10665,853.2,9811.8,2701.8,December,High Sales,,,,,,,,,
Enterprise,Mexico,Paseo,Medium,1114,10,125,139250,11140,128110,-5570,March,High Sales,,,,,,,,,
Government,Germany,Paseo,Medium,1259,10,7,8813,705.04,8107.96,1812.96,April,High Sales,,,,,,,,,
Government,Germany,Paseo,Medium,1095,10,7,7665,613.2,7051.8,1576.8,May,High Sales,,,,,,,,,
Government,Germany,Paseo,Medium,1366,10,20,27320,2185.6,25134.4,11474.4,June,High Sales,,,,,,,,,
Small Business,Mexico,Paseo,Medium,2460,10,300,738000,59040,678960,63960,June,High Sales,,,,,,,,,
Government,United States of America,Paseo,Medium,678,10,7,4746,379.68,4366.32,976.32,August,High Sales,,,,,,,,,
Government,Germany,Paseo,Medium,1598,10,7,11186,894.88,10291.12,2301.12,August,High Sales,,,,,,,,,
Government,Germany,Paseo,Medium,2409,10,7,16863,1349.04,15513.96,3468.96,September,High Sales,,,,,,,,,
Government,Germany,Paseo,Medium,1934,10,20,38680,3094.4,35585.6,16245.6,September,High Sales,,,,,,,,,
Government,Mexico,Paseo,Medium,2993,10,20,59860,4788.8,55071.2,25141.2,September,High Sales,,,,,,,,,
Government,Germany,Paseo,Medium,2146,10,350,751100,60088,691012,133052,November,High Sales,,,,,,,,,
Government,Mexico,Paseo,Medium,1946,10,7,13622,1089.76,12532.24,2802.24,December,High Sales,,,,,,,,,
Government,Mexico,Paseo,Medium,1362,10,350,476700,38136,438564,84444,December,High Sales,,,,,,,,,
Channel Partners,Canada,Velo,Medium,598,120,12,7176,574.08,6601.92,4807.92,March,High Sales,,,,,,,,,
Government,United States of America,Velo,Medium,2907,120,7,20349,1627.92,18721.08,4186.08,June,High Sales,,,,,,,,,
Government,Germany,Velo,Medium,2338,120,7,16366,1309.28,15056.72,3366.72,June,High Sales,,,,,,,,,
Small Business,France,Velo,Medium,386,120,300,115800,9264,106536,10036,November,High Sales,,,,,,,,,
Small Business,Mexico,Velo,Medium,635,120,300,190500,15240,175260,16510,December,High Sales,,,,,,,,,
Government,France,VTT,Medium,574.5,250,350,201075,16086,184989,35619,April,High Sales,,,,,,,,,
Government,Germany,VTT,Medium,2338,250,7,16366,1309.28,15056.72,3366.72,June,High Sales,,,,,,,,,
Government,France,VTT,Medium,381,250,350,133350,10668,122682,23622,August,High Sales,,,,,,,,,
Government,Germany,VTT,Medium,422,250,350,147700,11816,135884,26164,August,High Sales,,,,,,,,,
Small Business,Canada,VTT,Medium,2134,250,300,640200,51216,588984,55484,September,High Sales,,,,,,,,,
Small Business,United States of America,VTT,Medium,808,250,300,242400,19392,223008,21008,December,High Sales,,,,,,,,,
Government,Canada,Amarilla,Medium,708,260,20,14160,1132.8,13027.2,5947.2,June,High Sales,,,,,,,,,
Government,United States of America,Amarilla,Medium,2907,260,7,20349,1627.92,18721.08,4186.08,June,High Sales,,,,,,,,,
Government,Germany,Amarilla,Medium,1366,260,20,27320,2185.6,25134.4,11474.4,June,High Sales,,,,,,,,,
Small Business,Mexico,Amarilla,Medium,2460,260,300,738000,59040,678960,63960,June,High Sales,,,,,,,,,
Government,Germany,Amarilla,Medium,1520,260,20,30400,2432,27968,12768,November,High Sales,,,,,,,,,
Midmarket,Germany,Amarilla,Medium,711,260,15,10665,853.2,9811.8,2701.8,December,High Sales,,,,,,,,,
Channel Partners,Mexico,Amarilla,Medium,1375,260,12,16500,1320,15180,11055,December,High Sales,,,,,,,,,
Small Business,Mexico,Amarilla,Medium,635,260,300,190500,15240,175260,16510,December,High Sales,,,,,,,,,
Government,United States of America,VTT,Medium,436.5,250,20,8730,698.4,8031.6,3666.6,July,High Sales,,,,,,,,,
Small Business,Canada,Carretera,Medium,1094,3,300,328200,29538,298662,25162,June,High Sales,,,,,,,,,
Channel Partners,Mexico,Carretera,Medium,367,3,12,4404,396.36,4007.64,2906.64,October,High Sales,,,,,,,,,
Small Business,Canada,Montana,Medium,3802.5,5,300,1140750,102667.5,1038082.5,87457.5,April,High Sales,,,,,,,,,
Government,France,Montana,Medium,1666,5,350,583100,52479,530621,97461,May,High Sales,,,,,,,,,
Small Business,France,Montana,Medium,322,5,300,96600,8694,87906,7406,September,High Sales,,,,,,,,,
Channel Partners,Canada,Montana,Medium,2321,5,12,27852,2506.68,25345.32,18382.32,November,High Sales,,,,,,,,,
Enterprise,France,Montana,Medium,1857,5,125,232125,20891.25,211233.75,-11606.25,November,High Sales,,,,,,,,,
Government,Canada,Montana,Medium,1611,5,7,11277,1014.93,10262.07,2207.07,December,High Sales,,,,,,,,,
Enterprise,United States of America,Montana,Medium,2797,5,125,349625,31466.25,318158.75,-17481.25,December,High Sales,,,,,,,,,
Small Business,Germany,Montana,Medium,334,5,300,100200,9018,91182,7682,December,High Sales,,,,,,,,,
Small Business,Mexico,Paseo,Medium,2565,10,300,769500,69255,700245,58995,January,High Sales,,,,,,,,,
Government,Mexico,Paseo,Medium,2417,10,350,845950,76135.5,769814.5,141394.5,January,High Sales,,,,,,,,,
Midmarket,United States of America,Paseo,Medium,3675,10,15,55125,4961.25,50163.75,13413.75,April,High Sales,,,,,,,,,
Small Business,Canada,Paseo,Medium,1094,10,300,328200,29538,298662,25162,June,High Sales,,,,,,,,,
Midmarket,France,Paseo,Medium,1227,10,15,18405,1656.45,16748.55,4478.55,October,High Sales,,,,,,,,,
Channel Partners,Mexico,Paseo,Medium,367,10,12,4404,396.36,4007.64,2906.64,October,High Sales,,,,,,,,,
Small Business,France,Paseo,Medium,1324,10,300,397200,35748,361452,30452,November,High Sales,,,,,,,,,
Channel Partners,Germany,Paseo,Medium,1775,10,12,21300,1917,19383,14058,November,High Sales,,,,,,,,,
Enterprise,United States of America,Paseo,Medium,2797,10,125,349625,31466.25,318158.75,-17481.25,December,High Sales,,,,,,,,,
Midmarket,Mexico,Velo,Medium,245,120,15,3675,330.75,3344.25,894.25,May,High Sales,,,,,,,,,
Small Business,Canada,Velo,Medium,3793.5,120,300,1138050,102424.5,1035625.5,87250.5,July,High Sales,,,,,,,,,
Government,Germany,Velo,Medium,1307,120,350,457450,41170.5,416279.5,76459.5,July,High Sales,,,,,,,,,
Enterprise,Canada,Velo,Medium,567,120,125,70875,6378.75,64496.25,-3543.75,September,High Sales,,,,,,,,,
Enterprise,Mexico,Velo,Medium,2110,120,125,263750,23737.5,240012.5,-13187.5,September,High Sales,,,,,,,,,
Government,Canada,Velo,Medium,1269,120,350,444150,39973.5,404176.5,74236.5,October,High Sales,,,,,,,,,
Channel Partners,United States of America,VTT,Medium,1956,250,12,23472,2112.48,21359.52,15491.52,January,High Sales,,,,,,,,,
Small Business,Germany,VTT,Medium,2659,250,300,797700,71793,725907,61157,February,High Sales,,,,,,,,,
Government,United States of America,VTT,Medium,1351.5,250,350,473025,42572.25,430452.75,79062.75,April,High Sales,,,,,,,,,
Channel Partners,Germany,VTT,Medium,880,250,12,10560,950.4,9609.6,6969.6,May,High Sales,,,,,,,,,
Small Business,United States of America,VTT,Medium,1867,250,300,560100,50409,509691,42941,September,High Sales,,,,,,,,,
Channel Partners,France,VTT,Medium,2234,250,12,26808,2412.72,24395.28,17693.28,September,High Sales,,,,,,,,,
Midmarket,France,VTT,Medium,1227,250,15,18405,1656.45,16748.55,4478.55,October,High Sales,,,,,,,,,
Enterprise,Mexico,VTT,Medium,877,250,125,109625,9866.25,99758.75,-5481.25,November,High Sales,,,,,,,,,
Government,United States of America,Amarilla,Medium,2071,260,350,724850,65236.5,659613.5,121153.5,September,High Sales,,,,,,,,,
Government,Canada,Amarilla,Medium,1269,260,350,444150,39973.5,404176.5,74236.5,October,High Sales,,,,,,,,,
Midmarket,Germany,Amarilla,Medium,970,260,15,14550,1309.5,13240.5,3540.5,November,High Sales,,,,,,,,,
Government,Mexico,Amarilla,Medium,1694,260,20,33880,3049.2,30830.8,13890.8,November,High Sales,,,,,,,,,
Government,Germany,Carretera,Medium,663,3,20,13260,1193.4,12066.6,5436.6,May,High Sales,,,,,,,,,
Government,Canada,Carretera,Medium,819,3,7,5733,515.97,5217.03,1122.03,July,High Sales,,,,,,,,,
Channel Partners,Germany,Carretera,Medium,1580,3,12,18960,1706.4,17253.6,12513.6,September,High Sales,,,,,,,,,
Government,Mexico,Carretera,Medium,521,3,7,3647,328.23,3318.77,713.77,December,High Sales,,,,,,,,,
Government,United States of America,Paseo,Medium,973,10,20,19460,1751.4,17708.6,7978.6,March,High Sales,,,,,,,,,
Government,Mexico,Paseo,Medium,1038,10,20,20760,1868.4,18891.6,8511.6,June,High Sales,,,,,,,,,
Government,Germany,Paseo,Medium,360,10,7,2520,226.8,2293.2,493.2,October,High Sales,,,,,,,,,
Channel Partners,France,Velo,Medium,1967,120,12,23604,2124.36,21479.64,15578.64,March,High Sales,,,,,,,,,
Midmarket,Mexico,Velo,Medium,2628,120,15,39420,3547.8,35872.2,9592.2,April,High Sales,,,,,,,,,
Government,Germany,VTT,Medium,360,250,7,2520,226.8,2293.2,493.2,October,High Sales,,,,,,,,,
Government,France,VTT,Medium,2682,250,20,53640,4827.6,48812.4,21992.4,November,High Sales,,,,,,,,,
Government,Mexico,VTT,Medium,521,250,7,3647,328.23,3318.77,713.77,December,High Sales,,,,,,,,,
Government,Mexico,Amarilla,Medium,1038,260,20,20760,1868.4,18891.6,8511.6,June,High Sales,,,,,,,,,
Midmarket,Canada,Amarilla,Medium,1630.5,260,15,24457.5,2201.175,22256.325,5951.325,July,High Sales,,,,,,,,,
Channel Partners,France,Amarilla,Medium,306,260,12,3672,330.48,3341.52,2423.52,December,High Sales,,,,,,,,,
Channel Partners,United States of America,Carretera,High,386,3,12,4632,463.2,4168.8,3010.8,October,High Sales,,,,,,,,,
Government,United States of America,Montana,High,2328,5,7,16296,1629.6,14666.4,3026.4,September,High Sales,,,,,,,,,
Channel Partners,United States of America,Paseo,High,386,10,12,4632,463.2,4168.8,3010.8,October,High Sales,,,,,,,,,
Enterprise,United States of America,Carretera,High,3445.5,3,125,430687.5,43068.75,387618.75,-25841.25,April,High Sales,,,,,,,,,
Enterprise,France,Carretera,High,1482,3,125,185250,18525,166725,-11115,December,High Sales,,,,,,,,,
Government,United States of America,Montana,High,2313,5,350,809550,80955,728595,127215,May,High Sales,,,,,,,,,
Enterprise,United States of America,Montana,High,1804,5,125,225500,22550,202950,-13530,November,High Sales,,,,,,,,,
Midmarket,France,Montana,High,2072,5,15,31080,3108,27972,7252,December,High Sales,,,,,,,,,
Government,France,Paseo,High,1954,10,20,39080,3908,35172,15632,March,High Sales,,,,,,,,,
Small Business,Mexico,Paseo,High,591,10,300,177300,17730,159570,11820,May,High Sales,,,,,,,,,
Midmarket,France,Paseo,High,2167,10,15,32505,3250.5,29254.5,7584.5,October,High Sales,,,,,,,,,
Government,Germany,Paseo,High,241,10,20,4820,482,4338,1928,October,High Sales,,,,,,,,,
Midmarket,Germany,Velo,High,681,120,15,10215,1021.5,9193.5,2383.5,January,High Sales,,,,,,,,,
Midmarket,Germany,Velo,High,510,120,15,7650,765,6885,1785,April,High Sales,,,,,,,,,
Midmarket,United States of America,Velo,High,790,120,15,11850,1185,10665,2765,May,High Sales,,,,,,,,,
Government,France,Velo,High,639,120,350,223650,22365,201285,35145,July,High Sales,,,,,,,,,
Enterprise,United States of America,Velo,High,1596,120,125,199500,19950,179550,-11970,September,High Sales,,,,,,,,,
Small Business,United States of America,Velo,High,2294,120,300,688200,68820,619380,45880,October,High Sales,,,,,,,,,
Government,Germany,Velo,High,241,120,20,4820,482,4338,1928,October,High Sales,,,,,,,,,
Government,Germany,Velo,High,2665,120,7,18655,1865.5,16789.5,3464.5,November,High Sales,,,,,,,,,
Enterprise,Canada,Velo,High,1916,120,125,239500,23950,215550,-14370,December,High Sales,,,,,,,,,
Small Business,France,Velo,High,853,120,300,255900,25590,230310,17060,December,High Sales,,,,,,,,,
Enterprise,Mexico,VTT,High,341,250,125,42625,4262.5,38362.5,-2557.5,May,High Sales,,,,,,,,,
Midmarket,Mexico,VTT,High,641,250,15,9615,961.5,8653.5,2243.5,July,High Sales,,,,,,,,,
Government,United States of America,VTT,High,2807,250,350,982450,98245,884205,154385,August,High Sales,,,,,,,,,
Small Business,Mexico,VTT,High,432,250,300,129600,12960,116640,8640,September,High Sales,,,,,,,,,
Small Business,United States of America,VTT,High,2294,250,300,688200,68820,619380,45880,October,High Sales,,,,,,,,,
Midmarket,France,VTT,High,2167,250,15,32505,3250.5,29254.5,7584.5,October,High Sales,,,,,,,,,
Enterprise,Canada,VTT,High,2529,250,125,316125,31612.5,284512.5,-18967.5,November,High Sales,,,,,,,,,
Government,Germany,VTT,High,1870,250,350,654500,65450,589050,102850,December,High Sales,,,,,,,,,
Enterprise,United States of America,Amarilla,High,579,260,125,72375,7237.5,65137.5,-4342.5,January,High Sales,,,,,,,,,
Government,Canada,Amarilla,High,2240,260,350,784000,78400,705600,123200,February,High Sales,,,,,,,,,
Small Business,United States of America,Amarilla,High,2993,260,300,897900,89790,808110,59860,March,High Sales,,,,,,,,,
Channel Partners,Canada,Amarilla,High,3520.5,260,12,42246,4224.6,38021.4,27459.9,April,High Sales,,,,,,,,,
Government,Mexico,Amarilla,High,2039,260,20,40780,4078,36702,16312,May,High Sales,,,,,,,,,
Channel Partners,Germany,Amarilla,High,2574,260,12,30888,3088.8,27799.2,20077.2,August,High Sales,,,,,,,,,
Government,Canada,Amarilla,High,707,260,350,247450,24745,222705,38885,September,High Sales,,,,,,,,,
Midmarket,France,Amarilla,High,2072,260,15,31080,3108,27972,7252,December,High Sales,,,,,,,,,
Small Business,France,Amarilla,High,853,260,300,255900,25590,230310,17060,December,High Sales,,,,,,,,,
Channel Partners,France,Carretera,High,1198,3,12,14376,1581.36,12794.64,9200.64,October,High Sales,,,,,,,,,
Government,France,Paseo,High,2532,10,7,17724,1949.64,15774.36,3114.36,April,High Sales,,,,,,,,,
Channel Partners,France,Paseo,High,1198,10,12,14376,1581.36,12794.64,9200.64,October,High Sales,,,,,,,,,
Midmarket,Canada,Velo,High,384,120,15,5760,633.6,5126.4,1286.4,January,High Sales,,,,,,,,,
Channel Partners,Germany,Velo,High,472,120,12,5664,623.04,5040.96,3624.96,October,High Sales,,,,,,,,,
Government,United States of America,VTT,High,1579,250,7,11053,1215.83,9837.17,1942.17,March,High Sales,,,,,,,,,
Channel Partners,Mexico,VTT,High,1005,250,12,12060,1326.6,10733.4,7718.4,September,High Sales,,,,,,,,,
Midmarket,United States of America,Amarilla,High,3199.5,260,15,47992.5,5279.175,42713.325,10718.325,July,High Sales,,,,,,,,,
Channel Partners,Germany,Amarilla,High,472,260,12,5664,623.04,5040.96,3624.96,October,High Sales,,,,,,,,,
Channel Partners,Canada,Carretera,High,1937,3,12,23244,2556.84,20687.16,14876.16,February,High Sales,,,,,,,,,
Government,Germany,Carretera,High,792,3,350,277200,30492,246708,40788,March,High Sales,,,,,,,,,
Small Business,Germany,Carretera,High,2811,3,300,843300,92763,750537,47787,July,High Sales,,,,,,,,,
Enterprise,France,Carretera,High,2441,3,125,305125,33563.75,271561.25,-21358.75,October,High Sales,,,,,,,,,
Midmarket,Canada,Carretera,High,1560,3,15,23400,2574,20826,5226,November,High Sales,,,,,,,,,
Government,Mexico,Carretera,High,2706,3,7,18942,2083.62,16858.38,3328.38,November,High Sales,,,,,,,,,
Government,Germany,Montana,High,766,5,350,268100,29491,238609,39449,January,High Sales,,,,,,,,,
Government,Germany,Montana,High,2992,5,20,59840,6582.4,53257.6,23337.6,October,High Sales,,,,,,,,,
Midmarket,Mexico,Montana,High,2157,5,15,32355,3559.05,28795.95,7225.95,December,High Sales,,,,,,,,,
Small Business,Canada,Paseo,High,873,10,300,261900,28809,233091,14841,January,High Sales,,,,,,,,,
Government,Mexico,Paseo,High,1122,10,20,22440,2468.4,19971.6,8751.6,March,High Sales,,,,,,,,,
Government,Canada,Paseo,High,2104.5,10,350,736575,81023.25,655551.75,108381.75,July,High Sales,,,,,,,,,
Channel Partners,Canada,Paseo,High,4026,10,12,48312,5314.32,42997.68,30919.68,July,High Sales,,,,,,,,,
Channel Partners,France,Paseo,High,2425.5,10,12,29106,3201.66,25904.34,18627.84,July,High Sales,,,,,,,,,
Government,Canada,Paseo,High,2394,10,20,47880,5266.8,42613.2,18673.2,August,High Sales,,,,,,,,,
Midmarket,Mexico,Paseo,High,1984,10,15,29760,3273.6,26486.4,6646.4,August,High Sales,,,,,,,,,
Enterprise,France,Paseo,High,2441,10,125,305125,33563.75,271561.25,-21358.75,October,High Sales,,,,,,,,,
Government,Germany,Paseo,High,2992,10,20,59840,6582.4,53257.6,23337.6,October,High Sales,,,,,,,,,
Small Business,Canada,Paseo,High,1366,10,300,409800,45078,364722,23222,November,High Sales,,,,,,,,,
Government,France,Velo,High,2805,120,20,56100,6171,49929,21879,September,High Sales,,,,,,,,,
Midmarket,Mexico,Velo,High,655,120,15,9825,1080.75,8744.25,2194.25,September,High Sales,,,,,,,,,
Government,Mexico,Velo,High,344,120,350,120400,13244,107156,17716,October,High Sales,,,,,,,,,
Government,Canada,Velo,High,1808,120,7,12656,1392.16,11263.84,2223.84,November,High Sales,,,,,,,,,
Channel Partners,France,VTT,High,1734,250,12,20808,2288.88,18519.12,13317.12,January,High Sales,,,,,,,,,
Enterprise,Mexico,VTT,High,554,250,125,69250,7617.5,61632.5,-4847.5,January,High Sales,,,,,,,,,
Government,Canada,VTT,High,2935,250,20,58700,6457,52243,22893,November,High Sales,,,,,,,,,
Enterprise,Germany,Amarilla,High,3165,260,125,395625,43518.75,352106.25,-27693.75,January,High Sales,,,,,,,,,
Government,Mexico,Amarilla,High,2629,260,20,52580,5783.8,46796.2,20506.2,January,High Sales,,,,,,,,,
Enterprise,France,Amarilla,High,1433,260,125,179125,19703.75,159421.25,-12538.75,May,High Sales,,,,,,,,,
Enterprise,Mexico,Amarilla,High,947,260,125,118375,13021.25,105353.75,-8286.25,September,High Sales,,,,,,,,,
Government,Mexico,Amarilla,High,344,260,350,120400,13244,107156,17716,October,High Sales,,,,,,,,,
Midmarket,Mexico,Amarilla,High,2157,260,15,32355,3559.05,28795.95,7225.95,December,High Sales,,,,,,,,,
Government,United States of America,Paseo,High,380,10,7,2660,292.6,2367.4,467.4,September,High Sales,,,,,,,,,
Government,Mexico,Carretera,High,886,3,350,310100,37212,272888,42528,June,High Sales,,,,,,,,,
Enterprise,Canada,Carretera,High,2416,3,125,302000,36240,265760,-24160,September,High Sales,,,,,,,,,
Enterprise,Mexico,Carretera,High,2156,3,125,269500,32340,237160,-21560,October,High Sales,,,,,,,,,
Midmarket,Canada,Carretera,High,2689,3,15,40335,4840.2,35494.8,8604.8,November,High Sales,,,,,,,,,
Midmarket,United States of America,Montana,High,677,5,15,10155,1218.6,8936.4,2166.4,March,High Sales,,,,,,,,,
Small Business,France,Montana,High,1773,5,300,531900,63828,468072,24822,April,High Sales,,,,,,,,,
Government,Mexico,Montana,High,2420,5,7,16940,2032.8,14907.2,2807.2,September,High Sales,,,,,,,,,
Government,Canada,Montana,High,2734,5,7,19138,2296.56,16841.44,3171.44,October,High Sales,,,,,,,,,
Government,Mexico,Montana,High,1715,5,20,34300,4116,30184,13034,October,High Sales,,,,,,,,,
Small Business,France,Montana,High,1186,5,300,355800,42696,313104,16604,December,High Sales,,,,,,,,,
Small Business,United States of America,Paseo,High,3495,10,300,1048500,125820,922680,48930,January,High Sales,,,,,,,,,
Government,Mexico,Paseo,High,886,10,350,310100,37212,272888,42528,June,High Sales,,,,,,,,,
Enterprise,Mexico,Paseo,High,2156,10,125,269500,32340,237160,-21560,October,High Sales,,,,,,,,,
Government,Mexico,Paseo,High,905,10,20,18100,2172,15928,6878,October,High Sales,,,,,,,,,
Government,Mexico,Paseo,High,1715,10,20,34300,4116,30184,13034,October,High Sales,,,,,,,,,
Government,France,Paseo,High,1594,10,350,557900,66948,490952,76512,November,High Sales,,,,,,,,,
Small Business,Germany,Paseo,High,1359,10,300,407700,48924,358776,19026,November,High Sales,,,,,,,,,
Small Business,Mexico,Paseo,High,2150,10,300,645000,77400,567600,30100,November,High Sales,,,,,,,,,
Government,Mexico,Paseo,High,1197,10,350,418950,50274,368676,57456,November,High Sales,,,,,,,,,
Midmarket,Mexico,Paseo,High,380,10,15,5700,684,5016,1216,December,High Sales,,,,,,,,,
Government,Mexico,Paseo,High,1233,10,20,24660,2959.2,21700.8,9370.8,December,High Sales,,,,,,,,,
Government,Mexico,Velo,High,1395,120,350,488250,58590,429660,66960,July,High Sales,,,,,,,,,
Government,United States of America,Velo,High,986,120,350,345100,41412,303688,47328,October,High Sales,,,,,,,,,
Government,Mexico,Velo,High,905,120,20,18100,2172,15928,6878,October,High Sales,,,,,,,,,
Channel Partners,Canada,VTT,High,2109,250,12,25308,3036.96,22271.04,15944.04,May,High Sales,,,,,,,,,
Midmarket,France,VTT,High,3874.5,250,15,58117.5,6974.1,51143.4,12398.4,July,High Sales,,,,,,,,,
Government,Canada,VTT,High,623,250,350,218050,26166,191884,29904,September,High Sales,,,,,,,,,
Government,United States of America,VTT,High,986,250,350,345100,41412,303688,47328,October,High Sales,,,,,,,,,
Enterprise,United States of America,VTT,High,2387,250,125,298375,35805,262570,-23870,November,High Sales,,,,,,,,,
Government,Mexico,VTT,High,1233,250,20,24660,2959.2,21700.8,9370.8,December,High Sales,,,,,,,,,
Government,United States of America,Amarilla,High,270,260,350,94500,11340,83160,12960,February,High Sales,,,,,,,,,
Government,France,Amarilla,High,3421.5,260,7,23950.5,2874.06,21076.44,3968.94,July,High Sales,,,,,,,,,
Government,Canada,Amarilla,High,2734,260,7,19138,2296.56,16841.44,3171.44,October,High Sales,,,,,,,,,
Midmarket,United States of America,Amarilla,High,2548,260,15,38220,4586.4,33633.6,8153.6,November,High Sales,,,,,,,,,
Government,France,Carretera,High,2521.5,3,20,50430,6051.6,44378.4,19163.4,January,High Sales,,,,,,,,,
Channel Partners,Mexico,Montana,High,2661,5,12,31932,3831.84,28100.16,20117.16,May,High Sales,,,,,,,,,
Government,Germany,Paseo,High,1531,10,20,30620,3674.4,26945.6,11635.6,December,High Sales,,,,,,,,,
Government,France,VTT,High,1491,250,7,10437,1252.44,9184.56,1729.56,March,High Sales,,,,,,,,,
Government,Germany,VTT,High,1531,250,20,30620,3674.4,26945.6,11635.6,December,High Sales,,,,,,,,,
Channel Partners,Canada,Amarilla,High,2761,260,12,33132,3975.84,29156.16,20873.16,September,High Sales,,,,,,,,,
Midmarket,United States of America,Carretera,High,2567,3,15,38505,5005.65,33499.35,7829.35,June,High Sales,,,,,,,,,
Midmarket,United States of America,VTT,High,2567,250,15,38505,5005.65,33499.35,7829.35,June,High Sales,,,,,,,,,
Government,Canada,Carretera,High,923,3,350,323050,41996.5,281053.5,41073.5,March,High Sales,,,,,,,,,
Government,France,Carretera,High,1790,3,350,626500,81445,545055,79655,March,High Sales,,,,,,,,,
Government,Germany,Carretera,High,442,3,20,8840,1149.2,7690.8,3270.8,September,High Sales,,,,,,,,,
Government,United States of America,Montana,High,982.5,5,350,343875,44703.75,299171.25,43721.25,January,High Sales,,,,,,,,,
Government,United States of America,Montana,High,1298,5,7,9086,1181.18,7904.82,1414.82,February,High Sales,,,,,,,,,
Channel Partners,Mexico,Montana,High,604,5,12,7248,942.24,6305.76,4493.76,June,High Sales,,,,,,,,,
Government,Mexico,Montana,High,2255,5,20,45100,5863,39237,16687,July,High Sales,,,,,,,,,
Government,Canada,Montana,High,1249,5,20,24980,3247.4,21732.6,9242.6,October,High Sales,,,,,,,,,
Government,United States of America,Paseo,High,1438.5,10,7,10069.5,1309.035,8760.465,1567.965,January,High Sales,,,,,,,,,
Small Business,Germany,Paseo,High,807,10,300,242100,31473,210627,8877,January,High Sales,,,,,,,,,
Government,United States of America,Paseo,High,2641,10,20,52820,6866.6,45953.4,19543.4,February,High Sales,,,,,,,,,
Government,Germany,Paseo,High,2708,10,20,54160,7040.8,47119.2,20039.2,February,High Sales,,,,,,,,,
Government,Canada,Paseo,High,2632,10,350,921200,119756,801444,117124,June,High Sales,,,,,,,,,
Enterprise,Canada,Paseo,High,1583,10,125,197875,25723.75,172151.25,-17808.75,June,High Sales,,,,,,,,,
Channel Partners,Mexico,Paseo,High,571,10,12,6852,890.76,5961.24,4248.24,July,High Sales,,,,,,,,,
Government,France,Paseo,High,2696,10,7,18872,2453.36,16418.64,2938.64,August,High Sales,,,,,,,,,
Midmarket,Canada,Paseo,High,1565,10,15,23475,3051.75,20423.25,4773.25,October,High Sales,,,,,,,,,
Government,Canada,Paseo,High,1249,10,20,24980,3247.4,21732.6,9242.6,October,High Sales,,,,,,,,,
Government,Germany,Paseo,High,357,10,350,124950,16243.5,108706.5,15886.5,November,High Sales,,,,,,,,,
Channel Partners,Germany,Paseo,High,1013,10,12,12156,1580.28,10575.72,7536.72,December,High Sales,,,,,,,,,
Midmarket,France,Velo,High,3997.5,120,15,59962.5,7795.125,52167.375,12192.375,January,High Sales,,,,,,,,,
Government,Canada,Velo,High,2632,120,350,921200,119756,801444,117124,June,High Sales,,,,,,,,,
Government,France,Velo,High,1190,120,7,8330,1082.9,7247.1,1297.1,June,High Sales,,,,,,,,,
Channel Partners,Mexico,Velo,High,604,120,12,7248,942.24,6305.76,4493.76,June,High Sales,,,,,,,,,
Midmarket,Germany,Velo,High,660,120,15,9900,1287,8613,2013,September,High Sales,,,,,,,,,
Channel Partners,Mexico,Velo,High,410,120,12,4920,639.6,4280.4,3050.4,October,High Sales,,,,,,,,,
Small Business,Mexico,Velo,High,2605,120,300,781500,101595,679905,28655,November,High Sales,,,,,,,,,
Channel Partners,Germany,Velo,High,1013,120,12,12156,1580.28,10575.72,7536.72,December,High Sales,,,,,,,,,
Enterprise,Canada,VTT,High,1583,250,125,197875,25723.75,172151.25,-17808.75,June,High Sales,,,,,,,,,
Midmarket,Canada,VTT,High,1565,250,15,23475,3051.75,20423.25,4773.25,October,High Sales,,,,,,,,,
Enterprise,Canada,Amarilla,High,1659,260,125,207375,26958.75,180416.25,-18663.75,January,High Sales,,,,,,,,,
Government,France,Amarilla,High,1190,260,7,8330,1082.9,7247.1,1297.1,June,High Sales,,,,,,,,,
Channel Partners,Mexico,Amarilla,High,410,260,12,4920,639.6,4280.4,3050.4,October,High Sales,,,,,,,,,
Channel Partners,Germany,Amarilla,High,1770,260,12,21240,2761.2,18478.8,13168.8,December,High Sales,,,,,,,,,
Government,Mexico,Carretera,High,2579,3,20,51580,7221.2,44358.8,18568.8,April,High Sales,,,,,,,,,
Government,United States of America,Carretera,High,1743,3,20,34860,4880.4,29979.6,12549.6,May,High Sales,,,,,,,,,
Government,United States of America,Carretera,High,2996,3,7,20972,2936.08,18035.92,3055.92,October,High Sales,,,,,,,,,
Government,Germany,Carretera,High,280,3,7,1960,274.4,1685.6,285.6,December,High Sales,,,,,,,,,
Government,France,Montana,High,293,5,7,2051,287.14,1763.86,298.86,February,High Sales,,,,,,,,,
Government,United States of America,Montana,High,2996,5,7,20972,2936.08,18035.92,3055.92,October,High Sales,,,,,,,,,
Midmarket,Germany,Paseo,High,278,10,15,4170,583.8,3586.2,806.2,February,High Sales,,,,,,,,,
Government,Canada,Paseo,High,2428,10,20,48560,6798.4,41761.6,17481.6,March,High Sales,,,,,,,,,
Midmarket,United States of America,Paseo,High,1767,10,15,26505,3710.7,22794.3,5124.3,September,High Sales,,,,,,,,,
Channel Partners,France,Paseo,High,1393,10,12,16716,2340.24,14375.76,10196.76,October,High Sales,,,,,,,,,
Government,Germany,VTT,High,280,250,7,1960,274.4,1685.6,285.6,December,High Sales,,,,,,,,,
Channel Partners,France,Amarilla,High,1393,260,12,16716,2340.24,14375.76,10196.76,October,High Sales,,,,,,,,,
Channel Partners,United States of America,Amarilla,High,2015,260,12,24180,3385.2,20794.8,14749.8,December,High Sales,,,,,,,,,
Small Business,Mexico,Carretera,High,801,3,300,240300,33642,206658,6408,July,High Sales,,,,,,,,,
Enterprise,France,Carretera,High,1023,3,125,127875,17902.5,109972.5,-12787.5,September,High Sales,,,,,,,,,
Small Business,Canada,Carretera,High,1496,3,300,448800,62832,385968,11968,October,High Sales,,,,,,,,,
Small Business,United States of America,Carretera,High,1010,3,300,303000,42420,260580,8080,October,High Sales,,,,,,,,,
Midmarket,Germany,Carretera,High,1513,3,15,22695,3177.3,19517.7,4387.7,November,High Sales,,,,,,,,,
Midmarket,Canada,Carretera,High,2300,3,15,34500,4830,29670,6670,December,High Sales,,,,,,,,,
Enterprise,Mexico,Carretera,High,2821,3,125,352625,49367.5,303257.5,-35262.5,December,High Sales,,,,,,,,,
Government,Canada,Montana,High,2227.5,5,350,779625,109147.5,670477.5,91327.5,January,High Sales,,,,,,,,,
Government,Germany,Montana,High,1199,5,350,419650,58751,360899,49159,April,High Sales,,,,,,,,,
Government,Canada,Montana,High,200,5,350,70000,9800,60200,8200,May,High Sales,,,,,,,,,
Government,Canada,Montana,High,388,5,7,2716,380.24,2335.76,395.76,September,High Sales,,,,,,,,,
Government,Mexico,Montana,High,1727,5,7,12089,1692.46,10396.54,1761.54,October,High Sales,,,,,,,,,
Midmarket,Canada,Montana,High,2300,5,15,34500,4830,29670,6670,December,High Sales,,,,,,,,,
Government,Mexico,Paseo,High,260,10,20,5200,728,4472,1872,February,High Sales,,,,,,,,,
Midmarket,Canada,Paseo,High,2470,10,15,37050,5187,31863,7163,September,High Sales,,,,,,,,,
Midmarket,Canada,Paseo,High,1743,10,15,26145,3660.3,22484.7,5054.7,October,High Sales,,,,,,,,,
Channel Partners,United States of America,Paseo,High,2914,10,12,34968,4895.52,30072.48,21330.48,October,High Sales,,,,,,,,,
Government,France,Paseo,High,1731,10,7,12117,1696.38,10420.62,1765.62,October,High Sales,,,,,,,,,
Government,Canada,Paseo,High,700,10,350,245000,34300,210700,28700,November,High Sales,,,,,,,,,
Channel Partners,Canada,Paseo,High,2222,10,12,26664,3732.96,22931.04,16265.04,November,High Sales,,,,,,,,,
Government,United States of America,Paseo,High,1177,10,350,411950,57673,354277,48257,November,High Sales,,,,,,,,,
Government,France,Paseo,High,1922,10,350,672700,94178,578522,78802,November,High Sales,,,,,,,,,
Enterprise,Mexico,Velo,High,1575,120,125,196875,27562.5,169312.5,-19687.5,February,High Sales,,,,,,,,,
Government,United States of America,Velo,High,606,120,20,12120,1696.8,10423.2,4363.2,April,High Sales,,,,,,,,,
Small Business,United States of America,Velo,High,2460,120,300,738000,103320,634680,19680,July,High Sales,,,,,,,,,
Small Business,Canada,Velo,High,269,120,300,80700,11298,69402,2152,October,High Sales,,,,,,,,,
Small Business,Germany,Velo,High,2536,120,300,760800,106512,654288,20288,November,High Sales,,,,,,,,,
Government,Mexico,VTT,High,2903,250,7,20321,2844.94,17476.06,2961.06,March,High Sales,,,,,,,,,
Small Business,United States of America,VTT,High,2541,250,300,762300,106722,655578,20328,August,High Sales,,,,,,,,,
Small Business,Canada,VTT,High,269,250,300,80700,11298,69402,2152,October,High Sales,,,,,,,,,
Small Business,Canada,VTT,High,1496,250,300,448800,62832,385968,11968,October,High Sales,,,,,,,,,
Small Business,United States of America,VTT,High,1010,250,300,303000,42420,260580,8080,October,High Sales,,,,,,,,,
Government,France,VTT,High,1281,250,350,448350,62769,385581,52521,December,High Sales,,,,,,,,,
Small Business,Canada,Amarilla,High,888,260,300,266400,37296,229104,7104,March,High Sales,,,,,,,,,
Enterprise,United States of America,Amarilla,High,2844,260,125,355500,49770,305730,-35550,May,High Sales,,,,,,,,,
Channel Partners,France,Amarilla,High,2475,260,12,29700,4158,25542,18117,August,High Sales,,,,,,,,,
Midmarket,Canada,Amarilla,High,1743,260,15,26145,3660.3,22484.7,5054.7,October,High Sales,,,,,,,,,
Channel Partners,United States of America,Amarilla,High,2914,260,12,34968,4895.52,30072.48,21330.48,October,High Sales,,,,,,,,,
Government,France,Amarilla,High,1731,260,7,12117,1696.38,10420.62,1765.62,October,High Sales,,,,,,,,,
Government,Mexico,Amarilla,High,1727,260,7,12089,1692.46,10396.54,1761.54,October,High Sales,,,,,,,,,
Midmarket,Mexico,Amarilla,High,1870,260,15,28050,3927,24123,5423,November,High Sales,,,,,,,,,
Enterprise,France,Carretera,High,1174,3,125,146750,22012.5,124737.5,-16142.5,August,High Sales,,,,,,,,,
Enterprise,Germany,Carretera,High,2767,3,125,345875,51881.25,293993.75,-38046.25,August,High Sales,,,,,,,,,
Enterprise,Germany,Carretera,High,1085,3,125,135625,20343.75,115281.25,-14918.75,October,High Sales,,,,,,,,,
Small Business,Mexico,Montana,High,546,5,300,163800,24570,139230,2730,October,High Sales,,,,,,,,,
Government,Germany,Paseo,High,1158,10,20,23160,3474,19686,8106,March,High Sales,,,,,,,,,
Midmarket,Canada,Paseo,High,1614,10,15,24210,3631.5,20578.5,4438.5,April,High Sales,,,,,,,,,
Government,Mexico,Paseo,High,2535,10,7,17745,2661.75,15083.25,2408.25,April,High Sales,,,,,,,,,
Government,Mexico,Paseo,High,2851,10,350,997850,149677.5,848172.5,106912.5,May,High Sales,,,,,,,,,
Midmarket,Canada,Paseo,High,2559,10,15,38385,5757.75,32627.25,7037.25,August,High Sales,,,,,,,,,
Government,United States of America,Paseo,High,267,10,20,5340,801,4539,1869,October,High Sales,,,,,,,,,
Enterprise,Germany,Paseo,High,1085,10,125,135625,20343.75,115281.25,-14918.75,October,High Sales,,,,,,,,,
Midmarket,Germany,Paseo,High,1175,10,15,17625,2643.75,14981.25,3231.25,October,High Sales,,,,,,,,,
Government,United States of America,Paseo,High,2007,10,350,702450,105367.5,597082.5,75262.5,November,High Sales,,,,,,,,,
Government,Mexico,Paseo,High,2151,10,350,752850,112927.5,639922.5,80662.5,November,High Sales,,,,,,,,,
Channel Partners,United States of America,Paseo,High,914,10,12,10968,1645.2,9322.8,6580.8,December,High Sales,,,,,,,,,
Government,France,Paseo,High,293,10,20,5860,879,4981,2051,December,High Sales,,,,,,,,,
Channel Partners,Mexico,Velo,High,500,120,12,6000,900,5100,3600,March,High Sales,,,,,,,,,
Midmarket,France,Velo,High,2826,120,15,42390,6358.5,36031.5,7771.5,May,High Sales,,,,,,,,,
Enterprise,France,Velo,High,663,120,125,82875,12431.25,70443.75,-9116.25,September,High Sales,,,,,,,,,
Small Business,United States of America,Velo,High,2574,120,300,772200,115830,656370,12870,November,High Sales,,,,,,,,,
Enterprise,United States of America,Velo,High,2438,120,125,304750,45712.5,259037.5,-33522.5,December,High Sales,,,,,,,,,
Channel Partners,United States of America,Velo,High,914,120,12,10968,1645.2,9322.8,6580.8,December,High Sales,,,,,,,,,
Government,Canada,VTT,High,865.5,250,20,17310,2596.5,14713.5,6058.5,July,High Sales,,,,,,,,,
Midmarket,Germany,VTT,High,492,250,15,7380,1107,6273,1353,July,High Sales,,,,,,,,,
Government,United States of America,VTT,High,267,250,20,5340,801,4539,1869,October,High Sales,,,,,,,,,
Midmarket,Germany,VTT,High,1175,250,15,17625,2643.75,14981.25,3231.25,October,High Sales,,,,,,,,,
Enterprise,Canada,VTT,High,2954,250,125,369250,55387.5,313862.5,-40617.5,November,High Sales,,,,,,,,,
Enterprise,Germany,VTT,High,552,250,125,69000,10350,58650,-7590,November,High Sales,,,,,,,,,
Government,France,VTT,High,293,250,20,5860,879,4981,2051,December,High Sales,,,,,,,,,
Small Business,France,Amarilla,High,2475,260,300,742500,111375,631125,12375,March,High Sales,,,,,,,,,
Small Business,Mexico,Amarilla,High,546,260,300,163800,24570,139230,2730,October,High Sales,,,,,,,,,
Government,Mexico,Montana,High,1368,5,7,9576,1436.4,8139.6,1299.6,February,High Sales,,,,,,,,,
Government,Canada,Paseo,High,723,10,7,5061,759.15,4301.85,686.85,April,High Sales,,,,,,,,,
Channel Partners,United States of America,VTT,High,1806,250,12,21672,3250.8,18421.2,13003.2,May,High Sales,,,,,,,,,